status,state,title,type,voteType,creator_address,creator_username,currency_symbol,currency_address,signers,neededSign,cycle,approves
succeeded,succeeded,ChainLink Token,classic,multi,0xf2a79C9c6f754B2a538836046CDf135C1B11a44f,stolidslag,LINK,0x514910771af9ca656af840dff83e8264ecf986ca,"[{'address': '0x209a9021993D50Bd767783563C4a9c0cbc601199', 'username': 'ruddyoiler'}, {'address': '0x95506499FdF750671C751C1E4498a870A2cc1Cd7', 'username': 'governingpreface'}, {'address': '0x1B69c4A788aD8f940e624341AB45c731D01190De', 'username': 'highgaze'}, {'address': '0x90c1E0f24B717cc09353e8DF3f6F2A0dE90A0962', 'username': 'fortuitouspenumbra'}, {'address': '0x235Fa4Bf4ef3564a85bb34C74929A3F8c62b298F', 'username': 'undulatingmustang'}, {'address': '0x385Aa6a979e9318d07D9318DfF593d9d51AF6703', 'username': 'regulatedriverbank'}, {'address': '0x2c738e7161A072BaD6f5b9a5995D1eAeA5582813', 'username': 'assignedstunner'}]",7,0,"[{'address': '0x8E92A16A4c93964c11729A839C47C73B1C08E375', 'username': 'readablebunk'}, {'address': '0x9e5320b6cE24A2b644977a424b1c77560e372087', 'username': 'deferredabscess'}, {'address': '0x7F3e00b2094EdfBcDB983cEC3d27290387399B98', 'username': 'materialisticsuperstition'}, {'address': '0x93CaE41DAc072F62e9A8E191f180F15F3AfA44B6', 'username': 'centre-firesnarl'}, {'address': '0x4328BCFE77b185B26Ab63D102Ab94CC65B214BB4', 'username': 'swellingmystification'}, {'address': '0xb331dc13d42C84e4568b5eFBf395ed898dC076Ff', 'username': 'unwantedskyscraper'}, {'address': '0x8c4b072A239350AA0C73B6D8db5219442b877a6d', 'username': 'associatedburp'}, {'address': '0xFc0A1921c05240fdCA5781D0980bd42c9CeCa416', 'username': 'causalburglary'}, {'address': '0xC105729E5c85DE7df03e55856f371e8E7eCE096A', 'username': 'undevelopedhalloo'}, {'address': '0xa18dfbB38a2ad3664F10cA8f9632337322E700B5', 'username': 'totalitarianwatching'}, {'address': '0x5E560c3Ce4BC11B26b176da6cD6A16099A649fb1', 'username': 'paradoxicaldroplet'}, {'address': '0x8B130Dc7A75f24Be64486b03C90CbBc178196c07', 'username': 'geologicalcrucifix'}, {'address': '0x97be3550DBEE58d1ddbC8704A038bAA9350f44E1', 'username': 'inexplicablemoral'}, {'address': '0x7e47dC1bCFE29640262Edb39BE4663C19BccefC9', 'username': 'fertilizedbreach'}, {'address': '0xafdA56c09d3162275C251DAD4762a4dcF47391A2', 'username': 'punypleasure'}, {'address': '0xBF9FE9379CE3BFfa603eD5B42FaeF6e524091044', 'username': 'high-poweredincrease'}, {'address': '0xe6EcB12EC9a52364f94C8a86aD7274f4b2eDC102', 'username': 'variousrebate'}, {'address': '0x0DE8056764Ad8958f34054f11a94ae6CCBf149a0', 'username': 'unsavoryinstallation'}, {'address': '0xCD1EfBAC8e37E92268bA83903026a6C34b3803Db', 'username': 'transientnotary'}, {'address': '0x36cdea36b4d2CAee0d85F36020D955F31D3279a7', 'username': 'perceivedsalver'}, {'address': '0x99888Acb9BB6603c272B8687ac1C0c4078715575', 'username': 'unseemlyschoolgirl'}, {'address': '0x131520ea37aFD807178774E69DE4E3Ff8E0738F7', 'username': 'pent-uprebel'}, {'address': '0xb2890992e7152106f70176adf93a7CFEdB246880', 'username': 'raggedoffence'}, {'address': '0x2a537A9b374D87c0c8b95e18414b48e576EeE902', 'username': 'resonantthrashing'}, {'address': '0xfFa5Aeba892602A8069c9417A2e95cb0498DdF42', 'username': 'fiercejug'}, {'address': '0x8DCF0b0A0D003987BBD0246523d9886dd13abbfC', 'username': 'vaudevillefour-year-old'}]"
failed,rejected,Yieldification YDF,classic,multi,0x50e78376E84f4B45285f7d33a145C4849Ed3354d,soothingcandy,YDF,0x30dcba0405004cf124045793e1933c798af9e66a,"[{'address': '0x50e78376E84f4B45285f7d33a145C4849Ed3354d', 'username': 'soothingcandy'}]",7,4,[]
failed,rejected,PaladinAi,classic,multi,0xe9FFeC8cF81e3c3f3b0ca545A26e8f6d2E9c98fe,full-fledgedhistory,LINK,0x514910771af9ca656af840dff83e8264ecf986ca,"[{'address': '0xe9FFeC8cF81e3c3f3b0ca545A26e8f6d2E9c98fe', 'username': 'full-fledgedhistory'}]",7,4,[]
succeeded,succeeded,Reduce the voting time. ,dao,multi,0x2c738e7161A072BaD6f5b9a5995D1eAeA5582813,assignedstunner,M87,0x80122c6a83c8202ea365233363d3f4837d13e888,"[{'address': '0x2c738e7161A072BaD6f5b9a5995D1eAeA5582813', 'username': 'assignedstunner'}, {'address': '0x1B69c4A788aD8f940e624341AB45c731D01190De', 'username': 'highgaze'}, {'address': '0x95506499FdF750671C751C1E4498a870A2cc1Cd7', 'username': 'governingpreface'}, {'address': '0xbbc96d4A68c19b3f23c96d9311E52d6425D333A6', 'username': 'stupendousecosystem'}, {'address': '0x5B0D8d68ee7C30aE1c183c027Fea8AA808E019dc', 'username': 'archedupheaval'}, {'address': '0x385Aa6a979e9318d07D9318DfF593d9d51AF6703', 'username': 'regulatedriverbank'}, {'address': '0x1CC1C54314c7feC2c3020a40a6cD9D1C4A44ED90', 'username': 'allegedmist'}, {'address': '0xaF2cc2741aFa212bE9FE80A3B853e3Fe48cb4eA2', 'username': 'lurkinggarnet'}]",7,6,"[{'address': '0xCD1EfBAC8e37E92268bA83903026a6C34b3803Db', 'username': 'transientnotary'}, {'address': '0xBF9FE9379CE3BFfa603eD5B42FaeF6e524091044', 'username': 'high-poweredincrease'}]"
succeeded,succeeded,Temporarily Shorten the Supernova Cycle to 10,dao,multi,0x385Aa6a979e9318d07D9318DfF593d9d51AF6703,regulatedriverbank,M87,0x80122c6a83c8202ea365233363d3f4837d13e888,"[{'address': '0x385Aa6a979e9318d07D9318DfF593d9d51AF6703', 'username': 'regulatedriverbank'}, {'address': '0xf7a98C388D089dCcFba8FC0764ED90d701C86E25', 'username': 'scrapingborough'}, {'address': '0x6f95D33E515C1aBc98dB3516e302b8FE3c20E56E', 'username': 'physicalrepublican'}, {'address': '0x60e0c36Df17D2753BAb03AFc1c59E34427670e01', 'username': 'fortuitousincision'}, {'address': '0x209a9021993D50Bd767783563C4a9c0cbc601199', 'username': 'ruddyoiler'}, {'address': '0x2c738e7161A072BaD6f5b9a5995D1eAeA5582813', 'username': 'assignedstunner'}, {'address': '0x95506499FdF750671C751C1E4498a870A2cc1Cd7', 'username': 'governingpreface'}, {'address': '0xf2a79C9c6f754B2a538836046CDf135C1B11a44f', 'username': 'stolidslag'}]",8,11,"[{'address': '0xB0652EaB67C36F170ab25e422153DDC9297c36bA', 'username': 'cobbledcadet'}, {'address': '0xf0C1B0109865BdAf4Aa490492FC0590B9E7c96c7', 'username': 'horridforeboding'}, {'address': '0xF973134ed7330bA26328b570Ddc06ca9f57B9b43', 'username': 'traditionalarchive'}]"
failed,rejected,$CODEX for a 1.74 ETH investment ,classic,multi,0x95506499FdF750671C751C1E4498a870A2cc1Cd7,governingpreface,CODEX,0xfd26e39807772251c3bb90fb1fcd9ce5b80c5c24,"[{'address': '0x95506499FdF750671C751C1E4498a870A2cc1Cd7', 'username': 'governingpreface'}]",8,12,[]
succeeded,succeeded,Short investment in $VOW,classic,multi,0x5226FB987f338956597B62A8096b8AdA60E543AD,crackingvalise,VOW,0x1bbf25e71ec48b84d773809b4ba55b6f4be946fb,"[{'address': '0x5226FB987f338956597B62A8096b8AdA60E543AD', 'username': 'crackingvalise'}, {'address': '0x60e0c36Df17D2753BAb03AFc1c59E34427670e01', 'username': 'fortuitousincision'}, {'address': '0x1B69c4A788aD8f940e624341AB45c731D01190De', 'username': 'highgaze'}, {'address': '0x2c738e7161A072BaD6f5b9a5995D1eAeA5582813', 'username': 'assignedstunner'}, {'address': '0x209a9021993D50Bd767783563C4a9c0cbc601199', 'username': 'ruddyoiler'}, {'address': '0x69Cba612268c4D8452E331534866779174a8E3f2', 'username': 'coytong'}, {'address': '0x5B0D8d68ee7C30aE1c183c027Fea8AA808E019dc', 'username': 'archedupheaval'}, {'address': '0x95506499FdF750671C751C1E4498a870A2cc1Cd7', 'username': 'governingpreface'}]",8,14,"[{'address': '0x6EdFeCD2e4dAE3b31d5bFF413bBe44F3a0DAE674', 'username': 'headlongyarmulke'}, {'address': '0xB0652EaB67C36F170ab25e422153DDC9297c36bA', 'username': 'cobbledcadet'}, {'address': '0x1CC1C54314c7feC2c3020a40a6cD9D1C4A44ED90', 'username': 'allegedmist'}, {'address': '0x3358B21f8016732e79D588bC2A8D2f4162778F6c', 'username': 'aquaticpsychosis'}]"
failed,failed,0x9Cf0ED013e67DB12cA3AF8e7506fE401aA14dAd6,classic,multi,0x60e0c36Df17D2753BAb03AFc1c59E34427670e01,fortuitousincision,wCFG,0xc221b7e65ffc80de234bbb6667abdd46593d34f0,"[{'address': '0x60e0c36Df17D2753BAb03AFc1c59E34427670e01', 'username': 'fortuitousincision'}, {'address': '0xCD1EfBAC8e37E92268bA83903026a6C34b3803Db', 'username': 'transientnotary'}, {'address': '0x95506499FdF750671C751C1E4498a870A2cc1Cd7', 'username': 'governingpreface'}, {'address': '0x69Cba612268c4D8452E331534866779174a8E3f2', 'username': 'coytong'}, {'address': '0x50e78376E84f4B45285f7d33a145C4849Ed3354d', 'username': 'soothingcandy'}, {'address': '0x209a9021993D50Bd767783563C4a9c0cbc601199', 'username': 'ruddyoiler'}, {'address': '0x4faFB5ea6ec25231cEdA005936fF44B9acf6988c', 'username': 'pedagogicalturkey'}, {'address': '0xa4444aeC32965BCb4d460BA818FD2FA37b508627', 'username': 'swellingweakness'}]",8,18,"[{'address': '0x3358B21f8016732e79D588bC2A8D2f4162778F6c', 'username': 'aquaticpsychosis'}, {'address': '0x379C1E04E9c6769f86e77218b912187638aC7977', 'username': 'sizzlingdiplomacy'}, {'address': '0xBF9FE9379CE3BFfa603eD5B42FaeF6e524091044', 'username': 'high-poweredincrease'}, {'address': '0x02f2A6aB6b86e5c2f1cCD7F5cd30Df55a4493034', 'username': 'exhaustingstaircase'}, {'address': '0xB8A48837132f2921dAA6356Fa9eE028b2De99419', 'username': 'exceptionalrelocation'}, {'address': '0xF973134ed7330bA26328b570Ddc06ca9f57B9b43', 'username': 'traditionalarchive'}]"
succeeded,succeeded,Aggregated rewards option for stakers,social,single,0x2181294C01955E3a8F779882F58E4e4B908D4746,nonalignedresident,,,"[{'address': '0x2181294C01955E3a8F779882F58E4e4B908D4746', 'username': 'nonalignedresident'}, {'address': '0xCD1EfBAC8e37E92268bA83903026a6C34b3803Db', 'username': 'transientnotary'}]",0,0,"[{'address': '0xA23957C3BE995fE680749C76eff9a526760dDE36', 'username': 'immunesquirrel'}]"
failed,rejected,Titan Deployer,classic,multi,0x60e0c36Df17D2753BAb03AFc1c59E34427670e01,fortuitousincision,TITAN,0xc135a4bbf0d5005f4db3b79b84e8861d22003752,"[{'address': '0x60e0c36Df17D2753BAb03AFc1c59E34427670e01', 'username': 'fortuitousincision'}]",8,21,[]
succeeded,succeeded,THREE PROTOCOL,classic,multi,0x60e0c36Df17D2753BAb03AFc1c59E34427670e01,fortuitousincision,THREE,0xa059b81568fee88791de88232e838465826cf419,"[{'address': '0x60e0c36Df17D2753BAb03AFc1c59E34427670e01', 'username': 'fortuitousincision'}, {'address': '0x5226FB987f338956597B62A8096b8AdA60E543AD', 'username': 'crackingvalise'}, {'address': '0x95506499FdF750671C751C1E4498a870A2cc1Cd7', 'username': 'governingpreface'}, {'address': '0x50e78376E84f4B45285f7d33a145C4849Ed3354d', 'username': 'soothingcandy'}, {'address': '0x0DE8056764Ad8958f34054f11a94ae6CCBf149a0', 'username': 'unsavoryinstallation'}, {'address': '0xa4444aeC32965BCb4d460BA818FD2FA37b508627', 'username': 'swellingweakness'}, {'address': '0x385Aa6a979e9318d07D9318DfF593d9d51AF6703', 'username': 'regulatedriverbank'}, {'address': '0x5B0D8d68ee7C30aE1c183c027Fea8AA808E019dc', 'username': 'archedupheaval'}]",8,23,"[{'address': '0x1e6108990608600F08A431bbd7b3C3AF45f6e449', 'username': 'plannedinference'}, {'address': '0xFc0A1921c05240fdCA5781D0980bd42c9CeCa416', 'username': 'causalburglary'}]"
succeeded,succeeded,DAO Investment in LinqAI,classic,multi,0x60e0c36Df17D2753BAb03AFc1c59E34427670e01,fortuitousincision,LNQ,0xd4f4d0a10bcae123bb6655e8fe93a30d01eebd04,"[{'address': '0x60e0c36Df17D2753BAb03AFc1c59E34427670e01', 'username': 'fortuitousincision'}, {'address': '0x06d9f78EceE12146720679c4503691951E7dF43c', 'username': 'stackedjerkin'}, {'address': '0x5226FB987f338956597B62A8096b8AdA60E543AD', 'username': 'crackingvalise'}, {'address': '0x95506499FdF750671C751C1E4498a870A2cc1Cd7', 'username': 'governingpreface'}, {'address': '0xf7a98C388D089dCcFba8FC0764ED90d701C86E25', 'username': 'scrapingborough'}, {'address': '0x235Fa4Bf4ef3564a85bb34C74929A3F8c62b298F', 'username': 'undulatingmustang'}, {'address': '0x050BaE1196B718B38a12e5B076592Db9D8E71Ae4', 'username': 'soundrejoinder'}, {'address': '0xf2a79C9c6f754B2a538836046CDf135C1B11a44f', 'username': 'stolidslag'}]",8,24,"[{'address': '0x6C2e40A44C656701B5173Ca5113237a2d544F864', 'username': 'jumpyattribution'}, {'address': '0xBF9FE9379CE3BFfa603eD5B42FaeF6e524091044', 'username': 'high-poweredincrease'}, {'address': '0x2869C2bc6e8f7f6BDA72cdA2446B68753E67Af0E', 'username': 'unfriendlypriority'}]"
failed,rejected,$APES Investment Proposal,classic,multi,0x235Fa4Bf4ef3564a85bb34C74929A3F8c62b298F,undulatingmustang,APES,0x09675e24ca1eb06023451ac8088eca1040f47585,"[{'address': '0x235Fa4Bf4ef3564a85bb34C74929A3F8c62b298F', 'username': 'undulatingmustang'}]",8,25,[]
succeeded,succeeded,$APES Investment Proposal,classic,multi,0x235Fa4Bf4ef3564a85bb34C74929A3F8c62b298F,undulatingmustang,APES,0x09675e24ca1eb06023451ac8088eca1040f47585,"[{'address': '0x235Fa4Bf4ef3564a85bb34C74929A3F8c62b298F', 'username': 'undulatingmustang'}, {'address': '0xf2a79C9c6f754B2a538836046CDf135C1B11a44f', 'username': 'stolidslag'}, {'address': '0x209a9021993D50Bd767783563C4a9c0cbc601199', 'username': 'ruddyoiler'}, {'address': '0x95506499FdF750671C751C1E4498a870A2cc1Cd7', 'username': 'governingpreface'}, {'address': '0x0DE8056764Ad8958f34054f11a94ae6CCBf149a0', 'username': 'unsavoryinstallation'}, {'address': '0x50e78376E84f4B45285f7d33a145C4849Ed3354d', 'username': 'soothingcandy'}, {'address': '0x385Aa6a979e9318d07D9318DfF593d9d51AF6703', 'username': 'regulatedriverbank'}, {'address': '0xf7a98C388D089dCcFba8FC0764ED90d701C86E25', 'username': 'scrapingborough'}]",8,25,"[{'address': '0xBF9FE9379CE3BFfa603eD5B42FaeF6e524091044', 'username': 'high-poweredincrease'}, {'address': '0xdFA9f1Dcda9BDE39D735C9840699B306d0c3d752', 'username': 'convenientstride'}]"
failed,rejected,Investment in: Block Inn | RWA,classic,multi,0x5B0D8d68ee7C30aE1c183c027Fea8AA808E019dc,archedupheaval,Block Inn,0x73b62d93928ce20392dd96df5061c41e734bcda5,"[{'address': '0x5B0D8d68ee7C30aE1c183c027Fea8AA808E019dc', 'username': 'archedupheaval'}]",8,26,[]
failed,failed,Purple AI,classic,multi,0x68FA315ee01cC9Ce5F63a3e2e631a9B53479c820,emeritustumbleweed,PAI,0xa0cc4428fbb652c396f28dce8868b8743742a71c,"[{'address': '0x60e0c36Df17D2753BAb03AFc1c59E34427670e01', 'username': 'fortuitousincision'}, {'address': '0x050BaE1196B718B38a12e5B076592Db9D8E71Ae4', 'username': 'soundrejoinder'}, {'address': '0xa4444aeC32965BCb4d460BA818FD2FA37b508627', 'username': 'swellingweakness'}]",8,2,[]
succeeded,succeeded,Echelon PRIME 2.9 ETH Investment,darkMatter,single,0x235Fa4Bf4ef3564a85bb34C74929A3F8c62b298F,undulatingmustang,M87,0x80122c6a83c8202ea365233363d3f4837d13e888,[],3,0,[]
succeeded,succeeded,Sell LINK,cashOut,multi,0x2c738e7161A072BaD6f5b9a5995D1eAeA5582813,assignedstunner,LINK,0x514910771af9ca656af840dff83e8264ecf986ca,"[{'address': '0x2c738e7161A072BaD6f5b9a5995D1eAeA5582813', 'username': 'assignedstunner'}, {'address': '0xf2a79C9c6f754B2a538836046CDf135C1B11a44f', 'username': 'stolidslag'}, {'address': '0x385Aa6a979e9318d07D9318DfF593d9d51AF6703', 'username': 'regulatedriverbank'}]",3,8,"[{'address': '0x6EdFeCD2e4dAE3b31d5bFF413bBe44F3a0DAE674', 'username': 'headlongyarmulke'}, {'address': '0x8E92A16A4c93964c11729A839C47C73B1C08E375', 'username': 'readablebunk'}, {'address': '0x60e0c36Df17D2753BAb03AFc1c59E34427670e01', 'username': 'fortuitousincision'}, {'address': '0xCD1EfBAC8e37E92268bA83903026a6C34b3803Db', 'username': 'transientnotary'}, {'address': '0x1dd385966bEEc4e0b367Df08C615c358Bd83eaC8', 'username': 'threatenedcoauthor'}, {'address': '0x2a537A9b374D87c0c8b95e18414b48e576EeE902', 'username': 'resonantthrashing'}, {'address': '0xf0C1B0109865BdAf4Aa490492FC0590B9E7c96c7', 'username': 'horridforeboding'}, {'address': '0x87fdA15b03A1F302Bdc1ED25BC6E9436e25032fA', 'username': 'courteousmodifier'}]"
succeeded,succeeded,LinqAI,classic,multi,0x209a9021993D50Bd767783563C4a9c0cbc601199,ruddyoiler,LNQ,0xd4f4d0a10bcae123bb6655e8fe93a30d01eebd04,"[{'address': '0x209a9021993D50Bd767783563C4a9c0cbc601199', 'username': 'ruddyoiler'}, {'address': '0xf2a79C9c6f754B2a538836046CDf135C1B11a44f', 'username': 'stolidslag'}, {'address': '0x050BaE1196B718B38a12e5B076592Db9D8E71Ae4', 'username': 'soundrejoinder'}, {'address': '0x69Cba612268c4D8452E331534866779174a8E3f2', 'username': 'coytong'}, {'address': '0xCD1EfBAC8e37E92268bA83903026a6C34b3803Db', 'username': 'transientnotary'}, {'address': '0x385Aa6a979e9318d07D9318DfF593d9d51AF6703', 'username': 'regulatedriverbank'}, {'address': '0x0DE8056764Ad8958f34054f11a94ae6CCBf149a0', 'username': 'unsavoryinstallation'}, {'address': '0x60e0c36Df17D2753BAb03AFc1c59E34427670e01', 'username': 'fortuitousincision'}]",8,13,"[{'address': '0xB0652EaB67C36F170ab25e422153DDC9297c36bA', 'username': 'cobbledcadet'}, {'address': '0xF973134ed7330bA26328b570Ddc06ca9f57B9b43', 'username': 'traditionalarchive'}]"
failed,failed,$SUPER,classic,multi,0x209a9021993D50Bd767783563C4a9c0cbc601199,ruddyoiler,SUPER,0xe53ec727dbdeb9e2d5456c3be40cff031ab40a55,"[{'address': '0x209a9021993D50Bd767783563C4a9c0cbc601199', 'username': 'ruddyoiler'}, {'address': '0x0DE8056764Ad8958f34054f11a94ae6CCBf149a0', 'username': 'unsavoryinstallation'}, {'address': '0xf2a79C9c6f754B2a538836046CDf135C1B11a44f', 'username': 'stolidslag'}, {'address': '0x50e78376E84f4B45285f7d33a145C4849Ed3354d', 'username': 'soothingcandy'}, {'address': '0x235Fa4Bf4ef3564a85bb34C74929A3F8c62b298F', 'username': 'undulatingmustang'}, {'address': '0x385Aa6a979e9318d07D9318DfF593d9d51AF6703', 'username': 'regulatedriverbank'}, {'address': '0xce9E7300a6240B273bCC72F96c699B0804F2fd54', 'username': 'punyfather'}]",8,22,"[{'address': '0x4fd92919bE71DaA2bFB8114cfE283c6255c66fD0', 'username': 'glamorousbilge'}, {'address': '0xda8D30D8d8f0c6795a3f2CfF0a1Db10ED2A38C4A', 'username': 'roughbetrayal'}]"
succeeded,succeeded,$CODE,classic,multi,0x209a9021993D50Bd767783563C4a9c0cbc601199,ruddyoiler,CODE,0x283344eea472f0fe04d6f722595a2fffefe1901a,"[{'address': '0x209a9021993D50Bd767783563C4a9c0cbc601199', 'username': 'ruddyoiler'}, {'address': '0x54F251B53b70cD3C0D43dc2FB22704E6C0B4677e', 'username': 'covertchoreographer'}, {'address': '0x5226FB987f338956597B62A8096b8AdA60E543AD', 'username': 'crackingvalise'}, {'address': '0x0DE8056764Ad8958f34054f11a94ae6CCBf149a0', 'username': 'unsavoryinstallation'}, {'address': '0x385Aa6a979e9318d07D9318DfF593d9d51AF6703', 'username': 'regulatedriverbank'}, {'address': '0x5E560c3Ce4BC11B26b176da6cD6A16099A649fb1', 'username': 'paradoxicaldroplet'}, {'address': '0x95506499FdF750671C751C1E4498a870A2cc1Cd7', 'username': 'governingpreface'}, {'address': '0xf2a79C9c6f754B2a538836046CDf135C1B11a44f', 'username': 'stolidslag'}]",8,26,"[{'address': '0xBF9FE9379CE3BFfa603eD5B42FaeF6e524091044', 'username': 'high-poweredincrease'}, {'address': '0xC105729E5c85DE7df03e55856f371e8E7eCE096A', 'username': 'undevelopedhalloo'}, {'address': '0xdFA9f1Dcda9BDE39D735C9840699B306d0c3d752', 'username': 'convenientstride'}, {'address': '0x1B69c4A788aD8f940e624341AB45c731D01190De', 'username': 'highgaze'}]"
succeeded,succeeded,1.74ETH - $ARC,classic,multi,0x95506499FdF750671C751C1E4498a870A2cc1Cd7,governingpreface,ARC,0xc82e3db60a52cf7529253b4ec688f631aad9e7c2,"[{'address': '0x95506499FdF750671C751C1E4498a870A2cc1Cd7', 'username': 'governingpreface'}, {'address': '0x209a9021993D50Bd767783563C4a9c0cbc601199', 'username': 'ruddyoiler'}, {'address': '0x54F251B53b70cD3C0D43dc2FB22704E6C0B4677e', 'username': 'covertchoreographer'}, {'address': '0xf2a79C9c6f754B2a538836046CDf135C1B11a44f', 'username': 'stolidslag'}, {'address': '0x0DE8056764Ad8958f34054f11a94ae6CCBf149a0', 'username': 'unsavoryinstallation'}, {'address': '0x385Aa6a979e9318d07D9318DfF593d9d51AF6703', 'username': 'regulatedriverbank'}, {'address': '0x5226FB987f338956597B62A8096b8AdA60E543AD', 'username': 'crackingvalise'}, {'address': '0xf7a98C388D089dCcFba8FC0764ED90d701C86E25', 'username': 'scrapingborough'}]",8,27,"[{'address': '0x403e5DC7e1C12B1B7A8698d5C4042A378fFA71B6', 'username': 'interpersonalvaccination'}, {'address': '0xBF9FE9379CE3BFfa603eD5B42FaeF6e524091044', 'username': 'high-poweredincrease'}, {'address': '0xdFA9f1Dcda9BDE39D735C9840699B306d0c3d752', 'username': 'convenientstride'}, {'address': '0x1B69c4A788aD8f940e624341AB45c731D01190De', 'username': 'highgaze'}]"
succeeded,succeeded,The Graph,classic,multi,0x5186CA077c4276D879A6057788BA514C676aEd93,darkaugury,GRT,0xc944e90c64b2c07662a292be6244bdf05cda44a7,"[{'address': '0x95506499FdF750671C751C1E4498a870A2cc1Cd7', 'username': 'governingpreface'}, {'address': '0x69Cba612268c4D8452E331534866779174a8E3f2', 'username': 'coytong'}, {'address': '0x2c738e7161A072BaD6f5b9a5995D1eAeA5582813', 'username': 'assignedstunner'}, {'address': '0x1B69c4A788aD8f940e624341AB45c731D01190De', 'username': 'highgaze'}, {'address': '0x385Aa6a979e9318d07D9318DfF593d9d51AF6703', 'username': 'regulatedriverbank'}, {'address': '0x050BaE1196B718B38a12e5B076592Db9D8E71Ae4', 'username': 'soundrejoinder'}, {'address': '0x68FA315ee01cC9Ce5F63a3e2e631a9B53479c820', 'username': 'emeritustumbleweed'}]",7,3,"[{'address': '0xBF9FE9379CE3BFfa603eD5B42FaeF6e524091044', 'username': 'high-poweredincrease'}, {'address': '0x9eae6dC075B5ED6846187c5C8F525dA83288B42d', 'username': 'emeritusstampede'}, {'address': '0xCD1EfBAC8e37E92268bA83903026a6C34b3803Db', 'username': 'transientnotary'}]"
succeeded,succeeded,Sell 50% $LINK to fund new VirgoDAO investments. ,darkMatter,single,0x95506499FdF750671C751C1E4498a870A2cc1Cd7,governingpreface,M87,0x80122c6a83c8202ea365233363d3f4837d13e888,[],3,0,[]
failed,deActive,To shorten the Supernova Cycle ,dao,multi,0xbbc96d4A68c19b3f23c96d9311E52d6425D333A6,stupendousecosystem,M87,0x80122c6a83c8202ea365233363d3f4837d13e888,"[{'address': '0xbbc96d4A68c19b3f23c96d9311E52d6425D333A6', 'username': 'stupendousecosystem'}]",8,10,[]
failed,failed,$BOOE,classic,multi,0xCD1EfBAC8e37E92268bA83903026a6C34b3803Db,transientnotary,BOOE,0x289ff00235d2b98b0145ff5d4435d3e92f9540a6,"[{'address': '0xCD1EfBAC8e37E92268bA83903026a6C34b3803Db', 'username': 'transientnotary'}, {'address': '0xf7a98C388D089dCcFba8FC0764ED90d701C86E25', 'username': 'scrapingborough'}, {'address': '0x95506499FdF750671C751C1E4498a870A2cc1Cd7', 'username': 'governingpreface'}, {'address': '0x6f95D33E515C1aBc98dB3516e302b8FE3c20E56E', 'username': 'physicalrepublican'}, {'address': '0x2c738e7161A072BaD6f5b9a5995D1eAeA5582813', 'username': 'assignedstunner'}, {'address': '0x1B69c4A788aD8f940e624341AB45c731D01190De', 'username': 'highgaze'}, {'address': '0x385Aa6a979e9318d07D9318DfF593d9d51AF6703', 'username': 'regulatedriverbank'}, {'address': '0x050BaE1196B718B38a12e5B076592Db9D8E71Ae4', 'username': 'soundrejoinder'}]",8,15,"[{'address': '0xA1915a1252055e0d6e014138fd94e233b7af9AEE', 'username': 'holdingpoker'}, {'address': '0x1CC1C54314c7feC2c3020a40a6cD9D1C4A44ED90', 'username': 'allegedmist'}]"
succeeded,succeeded,Proposal for Wrapped Centrifuge,classic,multi,0x60e0c36Df17D2753BAb03AFc1c59E34427670e01,fortuitousincision,wCFG,0xc221b7e65ffc80de234bbb6667abdd46593d34f0,"[{'address': '0x60e0c36Df17D2753BAb03AFc1c59E34427670e01', 'username': 'fortuitousincision'}, {'address': '0x1B69c4A788aD8f940e624341AB45c731D01190De', 'username': 'highgaze'}, {'address': '0xa4444aeC32965BCb4d460BA818FD2FA37b508627', 'username': 'swellingweakness'}, {'address': '0x385Aa6a979e9318d07D9318DfF593d9d51AF6703', 'username': 'regulatedriverbank'}, {'address': '0xf2a79C9c6f754B2a538836046CDf135C1B11a44f', 'username': 'stolidslag'}, {'address': '0x95506499FdF750671C751C1E4498a870A2cc1Cd7', 'username': 'governingpreface'}, {'address': '0x5226FB987f338956597B62A8096b8AdA60E543AD', 'username': 'crackingvalise'}, {'address': '0x22E970c8fFFD9303cEaf054eCf9b427112220161', 'username': 'automotivecoloration'}]",8,16,"[{'address': '0x595147E8a744a967806D995513B7d6367C107208', 'username': 'restrictedforage'}, {'address': '0xA1915a1252055e0d6e014138fd94e233b7af9AEE', 'username': 'holdingpoker'}, {'address': '0xB105D1F38ac8799C873311BF44057b6e06113dac', 'username': 'uprootedexistence'}, {'address': '0x1CC1C54314c7feC2c3020a40a6cD9D1C4A44ED90', 'username': 'allegedmist'}, {'address': '0x3358B21f8016732e79D588bC2A8D2f4162778F6c', 'username': 'aquaticpsychosis'}]"
succeeded,succeeded,Proposal for PepeCoin,classic,multi,0x1B69c4A788aD8f940e624341AB45c731D01190De,highgaze,pepecoin,0xa9e8acf069c58aec8825542845fd754e41a9489a,"[{'address': '0x1B69c4A788aD8f940e624341AB45c731D01190De', 'username': 'highgaze'}, {'address': '0xCD1EfBAC8e37E92268bA83903026a6C34b3803Db', 'username': 'transientnotary'}, {'address': '0xa4444aeC32965BCb4d460BA818FD2FA37b508627', 'username': 'swellingweakness'}, {'address': '0x60e0c36Df17D2753BAb03AFc1c59E34427670e01', 'username': 'fortuitousincision'}, {'address': '0x95506499FdF750671C751C1E4498a870A2cc1Cd7', 'username': 'governingpreface'}, {'address': '0xf2a79C9c6f754B2a538836046CDf135C1B11a44f', 'username': 'stolidslag'}, {'address': '0x2c738e7161A072BaD6f5b9a5995D1eAeA5582813', 'username': 'assignedstunner'}, {'address': '0x22E970c8fFFD9303cEaf054eCf9b427112220161', 'username': 'automotivecoloration'}]",8,17,"[{'address': '0x1CC1C54314c7feC2c3020a40a6cD9D1C4A44ED90', 'username': 'allegedmist'}, {'address': '0xf0C1B0109865BdAf4Aa490492FC0590B9E7c96c7', 'username': 'horridforeboding'}]"
succeeded,succeeded,"$ZIG ""ZIGNALY"" 4.35ETH",classic,multi,0x209a9021993D50Bd767783563C4a9c0cbc601199,ruddyoiler,ZIG,0xb2617246d0c6c0087f18703d576831899ca94f01,"[{'address': '0x209a9021993D50Bd767783563C4a9c0cbc601199', 'username': 'ruddyoiler'}, {'address': '0x50e78376E84f4B45285f7d33a145C4849Ed3354d', 'username': 'soothingcandy'}, {'address': '0x5226FB987f338956597B62A8096b8AdA60E543AD', 'username': 'crackingvalise'}, {'address': '0xa4444aeC32965BCb4d460BA818FD2FA37b508627', 'username': 'swellingweakness'}, {'address': '0xf2a79C9c6f754B2a538836046CDf135C1B11a44f', 'username': 'stolidslag'}, {'address': '0x4faFB5ea6ec25231cEdA005936fF44B9acf6988c', 'username': 'pedagogicalturkey'}, {'address': '0x385Aa6a979e9318d07D9318DfF593d9d51AF6703', 'username': 'regulatedriverbank'}]",8,19,"[{'address': '0xB8A48837132f2921dAA6356Fa9eE028b2De99419', 'username': 'exceptionalrelocation'}, {'address': '0xAB8Bf583ddFC63273A18D13cE8ffa7211861D8A8', 'username': 'promisingdriveway'}, {'address': '0x3358B21f8016732e79D588bC2A8D2f4162778F6c', 'username': 'aquaticpsychosis'}]"
succeeded,succeeded,Spectre AI,classic,multi,0x5B0D8d68ee7C30aE1c183c027Fea8AA808E019dc,archedupheaval,SPECTRE,0x9cf0ed013e67db12ca3af8e7506fe401aa14dad6,"[{'address': '0x5B0D8d68ee7C30aE1c183c027Fea8AA808E019dc', 'username': 'archedupheaval'}, {'address': '0x60e0c36Df17D2753BAb03AFc1c59E34427670e01', 'username': 'fortuitousincision'}, {'address': '0x95506499FdF750671C751C1E4498a870A2cc1Cd7', 'username': 'governingpreface'}, {'address': '0x4faFB5ea6ec25231cEdA005936fF44B9acf6988c', 'username': 'pedagogicalturkey'}, {'address': '0x69Cba612268c4D8452E331534866779174a8E3f2', 'username': 'coytong'}, {'address': '0xa4444aeC32965BCb4d460BA818FD2FA37b508627', 'username': 'swellingweakness'}, {'address': '0x209a9021993D50Bd767783563C4a9c0cbc601199', 'username': 'ruddyoiler'}, {'address': '0x0DE8056764Ad8958f34054f11a94ae6CCBf149a0', 'username': 'unsavoryinstallation'}]",8,20,"[{'address': '0x3358B21f8016732e79D588bC2A8D2f4162778F6c', 'username': 'aquaticpsychosis'}, {'address': '0xBF9FE9379CE3BFfa603eD5B42FaeF6e524091044', 'username': 'high-poweredincrease'}, {'address': '0xB0652EaB67C36F170ab25e422153DDC9297c36bA', 'username': 'cobbledcadet'}, {'address': '0x8c4b072A239350AA0C73B6D8db5219442b877a6d', 'username': 'associatedburp'}, {'address': '0x9099dd630B7D279f3E14dBc08eE017CDdFce6D13', 'username': 'bloomingaphrodisiac'}]"
failed,rejected,TITAN,classic,multi,0x60e0c36Df17D2753BAb03AFc1c59E34427670e01,fortuitousincision,TITAN,0xc135a4bbf0d5005f4db3b79b84e8861d22003752,"[{'address': '0x60e0c36Df17D2753BAb03AFc1c59E34427670e01', 'username': 'fortuitousincision'}]",8,21,[]
failed,rejected,Titan Deployer - $TITAN,classic,multi,0xf2a79C9c6f754B2a538836046CDf135C1B11a44f,stolidslag,TITAN,0xc135a4bbf0d5005f4db3b79b84e8861d22003752,"[{'address': '0xf2a79C9c6f754B2a538836046CDf135C1B11a44f', 'username': 'stolidslag'}]",8,21,[]
succeeded,succeeded,TITAN Deployer - $TITAN,classic,multi,0xf2a79C9c6f754B2a538836046CDf135C1B11a44f,stolidslag,TITAN,0xc135a4bbf0d5005f4db3b79b84e8861d22003752,"[{'address': '0xf2a79C9c6f754B2a538836046CDf135C1B11a44f', 'username': 'stolidslag'}, {'address': '0x209a9021993D50Bd767783563C4a9c0cbc601199', 'username': 'ruddyoiler'}, {'address': '0x69Cba612268c4D8452E331534866779174a8E3f2', 'username': 'coytong'}, {'address': '0x0DE8056764Ad8958f34054f11a94ae6CCBf149a0', 'username': 'unsavoryinstallation'}, {'address': '0xce9E7300a6240B273bCC72F96c699B0804F2fd54', 'username': 'punyfather'}, {'address': '0x50e78376E84f4B45285f7d33a145C4849Ed3354d', 'username': 'soothingcandy'}, {'address': '0x5226FB987f338956597B62A8096b8AdA60E543AD', 'username': 'crackingvalise'}, {'address': '0x22E970c8fFFD9303cEaf054eCf9b427112220161', 'username': 'automotivecoloration'}]",8,21,"[{'address': '0x3358B21f8016732e79D588bC2A8D2f4162778F6c', 'username': 'aquaticpsychosis'}, {'address': '0x4fd92919bE71DaA2bFB8114cfE283c6255c66fD0', 'username': 'glamorousbilge'}]"
succeeded,succeeded,Social Proposal,darkMatter,single,0x6f95D33E515C1aBc98dB3516e302b8FE3c20E56E,physicalrepublican,M87,0x80122c6a83c8202ea365233363d3f4837d13e888,"[{'address': '0xf2a79C9c6f754B2a538836046CDf135C1B11a44f', 'username': 'stolidslag'}, {'address': '0x22E970c8fFFD9303cEaf054eCf9b427112220161', 'username': 'automotivecoloration'}, {'address': '0x1B69c4A788aD8f940e624341AB45c731D01190De', 'username': 'highgaze'}]",3,0,[]
succeeded,succeeded,ZIGNALY ($ZIG) ,classic,multi,0x1B69c4A788aD8f940e624341AB45c731D01190De,highgaze,ZIG,0xb2617246d0c6c0087f18703d576831899ca94f01,"[{'address': '0x90c1E0f24B717cc09353e8DF3f6F2A0dE90A0962', 'username': 'fortuitouspenumbra'}, {'address': '0x95506499FdF750671C751C1E4498a870A2cc1Cd7', 'username': 'governingpreface'}, {'address': '0x5c03E7f247d0B809c0fF18764dB1E27b73cb4199', 'username': 'despairingshunt'}, {'address': '0x209a9021993D50Bd767783563C4a9c0cbc601199', 'username': 'ruddyoiler'}, {'address': '0x385Aa6a979e9318d07D9318DfF593d9d51AF6703', 'username': 'regulatedriverbank'}, {'address': '0x5186CA077c4276D879A6057788BA514C676aEd93', 'username': 'darkaugury'}, {'address': '0x1f67B5e48Ec7Bab5b54d08D2fDc3ca0f35630754', 'username': 'unrestrainedexemption'}]",7,1,"[{'address': '0x8B130Dc7A75f24Be64486b03C90CbBc178196c07', 'username': 'geologicalcrucifix'}, {'address': '0xA7ABC5762fE0B05E1d1ff4749df317c4B46254c4', 'username': 'embryonicmiter'}, {'address': '0x8c4b072A239350AA0C73B6D8db5219442b877a6d', 'username': 'associatedburp'}, {'address': '0x01982Eb7e38Da283D363115644d55bea11068472', 'username': 'heartbreakingmillstone'}, {'address': '0x7e47dC1bCFE29640262Edb39BE4663C19BccefC9', 'username': 'fertilizedbreach'}, {'address': '0xe6EcB12EC9a52364f94C8a86aD7274f4b2eDC102', 'username': 'variousrebate'}, {'address': '0xc76E030cB575DDab2A9208782138310F59093382', 'username': 'contemptiblenuisance'}, {'address': '0x3773b87115D0E2E65AD5ca741d78Dd5Db0e224DC', 'username': 'exalteddigression'}, {'address': '0x2a537A9b374D87c0c8b95e18414b48e576EeE902', 'username': 'resonantthrashing'}, {'address': '0x9e5320b6cE24A2b644977a424b1c77560e372087', 'username': 'deferredabscess'}, {'address': '0x97be3550DBEE58d1ddbC8704A038bAA9350f44E1', 'username': 'inexplicablemoral'}, {'address': '0x131520ea37aFD807178774E69DE4E3Ff8E0738F7', 'username': 'pent-uprebel'}, {'address': '0xC105729E5c85DE7df03e55856f371e8E7eCE096A', 'username': 'undevelopedhalloo'}, {'address': '0xCD1EfBAC8e37E92268bA83903026a6C34b3803Db', 'username': 'transientnotary'}, {'address': '0xfFa5Aeba892602A8069c9417A2e95cb0498DdF42', 'username': 'fiercejug'}, {'address': '0xb2890992e7152106f70176adf93a7CFEdB246880', 'username': 'raggedoffence'}, {'address': '0xBF9FE9379CE3BFfa603eD5B42FaeF6e524091044', 'username': 'high-poweredincrease'}, {'address': '0x0DE8056764Ad8958f34054f11a94ae6CCBf149a0', 'username': 'unsavoryinstallation'}, {'address': '0x93CaE41DAc072F62e9A8E191f180F15F3AfA44B6', 'username': 'centre-firesnarl'}]"
failed,failed,PaladinAI,classic,multi,0xe9FFeC8cF81e3c3f3b0ca545A26e8f6d2E9c98fe,full-fledgedhistory,PALAI,0x3cb48aeb3d1abadc23d2d8a6894b3a68338381c2,"[{'address': '0xe9FFeC8cF81e3c3f3b0ca545A26e8f6d2E9c98fe', 'username': 'full-fledgedhistory'}, {'address': '0x1B69c4A788aD8f940e624341AB45c731D01190De', 'username': 'highgaze'}, {'address': '0x50e78376E84f4B45285f7d33a145C4849Ed3354d', 'username': 'soothingcandy'}, {'address': '0xa4444aeC32965BCb4d460BA818FD2FA37b508627', 'username': 'swellingweakness'}, {'address': '0x209a9021993D50Bd767783563C4a9c0cbc601199', 'username': 'ruddyoiler'}, {'address': '0x050BaE1196B718B38a12e5B076592Db9D8E71Ae4', 'username': 'soundrejoinder'}, {'address': '0x60D9e022Ba2338aFB69C2e0FaBd3d4C084B65119', 'username': 'strongbiographer'}]",8,4,[]
failed,failed,Reduce vote duration to 48 hours,dao,multi,0xf2a79C9c6f754B2a538836046CDf135C1B11a44f,stolidslag,M87,0x80122c6a83c8202ea365233363d3f4837d13e888,"[{'address': '0xf2a79C9c6f754B2a538836046CDf135C1B11a44f', 'username': 'stolidslag'}, {'address': '0xa4444aeC32965BCb4d460BA818FD2FA37b508627', 'username': 'swellingweakness'}, {'address': '0x69Cba612268c4D8452E331534866779174a8E3f2', 'username': 'coytong'}, {'address': '0x050BaE1196B718B38a12e5B076592Db9D8E71Ae4', 'username': 'soundrejoinder'}, {'address': '0x60D9e022Ba2338aFB69C2e0FaBd3d4C084B65119', 'username': 'strongbiographer'}, {'address': '0x5E560c3Ce4BC11B26b176da6cD6A16099A649fb1', 'username': 'paradoxicaldroplet'}]",8,5,[]
failed,failed,MOROS ,classic,multi,0x1CC1C54314c7feC2c3020a40a6cD9D1C4A44ED90,allegedmist,MOROS,0xab85fc558d722a2b7c040ffb77db676bd9e7d322,"[{'address': '0x1CC1C54314c7feC2c3020a40a6cD9D1C4A44ED90', 'username': 'allegedmist'}, {'address': '0x1B69c4A788aD8f940e624341AB45c731D01190De', 'username': 'highgaze'}, {'address': '0xbbc96d4A68c19b3f23c96d9311E52d6425D333A6', 'username': 'stupendousecosystem'}, {'address': '0x2c738e7161A072BaD6f5b9a5995D1eAeA5582813', 'username': 'assignedstunner'}, {'address': '0x95506499FdF750671C751C1E4498a870A2cc1Cd7', 'username': 'governingpreface'}, {'address': '0x5B0D8d68ee7C30aE1c183c027Fea8AA808E019dc', 'username': 'archedupheaval'}, {'address': '0x385Aa6a979e9318d07D9318DfF593d9d51AF6703', 'username': 'regulatedriverbank'}]",7,7,[]
succeeded,succeeded,Purchase of  MAZZE,classic,multi,0x50e78376E84f4B45285f7d33a145C4849Ed3354d,soothingcandy,MAZZE,0x4a029f7bcf33acb03547d8fa7be840347973e24e,"[{'address': '0x50e78376E84f4B45285f7d33a145C4849Ed3354d', 'username': 'soothingcandy'}, {'address': '0xf2a79C9c6f754B2a538836046CDf135C1B11a44f', 'username': 'stolidslag'}, {'address': '0x95506499FdF750671C751C1E4498a870A2cc1Cd7', 'username': 'governingpreface'}, {'address': '0xa4444aeC32965BCb4d460BA818FD2FA37b508627', 'username': 'swellingweakness'}, {'address': '0x2c738e7161A072BaD6f5b9a5995D1eAeA5582813', 'username': 'assignedstunner'}, {'address': '0x209a9021993D50Bd767783563C4a9c0cbc601199', 'username': 'ruddyoiler'}, {'address': '0x91672D174190B423186419Df126dE72bc5AF8DD0', 'username': 'waterycrotch'}]",7,9,"[{'address': '0xdF31a736B4C85Dc860194b74bB6201a29855699F', 'username': 'constructivequestion'}, {'address': '0x1CC1C54314c7feC2c3020a40a6cD9D1C4A44ED90', 'username': 'allegedmist'}, {'address': '0xCD1EfBAC8e37E92268bA83903026a6C34b3803Db', 'username': 'transientnotary'}, {'address': '0x8c4b072A239350AA0C73B6D8db5219442b877a6d', 'username': 'associatedburp'}, {'address': '0xBF9FE9379CE3BFfa603eD5B42FaeF6e524091044', 'username': 'high-poweredincrease'}, {'address': '0x2a537A9b374D87c0c8b95e18414b48e576EeE902', 'username': 'resonantthrashing'}]"
failed,deActive,Shorten the Supernova cycle.,dao,multi,0xbbc96d4A68c19b3f23c96d9311E52d6425D333A6,stupendousecosystem,M87,0x80122c6a83c8202ea365233363d3f4837d13e888,"[{'address': '0xbbc96d4A68c19b3f23c96d9311E52d6425D333A6', 'username': 'stupendousecosystem'}]",8,10,[]
failed,deActive,$CODEX 1.74 Eth Classic investment,classic,multi,0x95506499FdF750671C751C1E4498a870A2cc1Cd7,governingpreface,CODEX,0xfd26e39807772251c3bb90fb1fcd9ce5b80c5c24,"[{'address': '0x95506499FdF750671C751C1E4498a870A2cc1Cd7', 'username': 'governingpreface'}]",8,12,[]
succeeded,succeeded,$CODEX Classic investment of 1.74eth,classic,multi,0x95506499FdF750671C751C1E4498a870A2cc1Cd7,governingpreface,CODEX,0xfd26e39807772251c3bb90fb1fcd9ce5b80c5c24,"[{'address': '0x95506499FdF750671C751C1E4498a870A2cc1Cd7', 'username': 'governingpreface'}, {'address': '0x8044683f2e59ecDA78e48a713C2b10d8a1f98d80', 'username': 'ominousscarf'}, {'address': '0x2c738e7161A072BaD6f5b9a5995D1eAeA5582813', 'username': 'assignedstunner'}, {'address': '0x91672D174190B423186419Df126dE72bc5AF8DD0', 'username': 'waterycrotch'}, {'address': '0x5B0D8d68ee7C30aE1c183c027Fea8AA808E019dc', 'username': 'archedupheaval'}, {'address': '0xf2a79C9c6f754B2a538836046CDf135C1B11a44f', 'username': 'stolidslag'}, {'address': '0x385Aa6a979e9318d07D9318DfF593d9d51AF6703', 'username': 'regulatedriverbank'}, {'address': '0x50e78376E84f4B45285f7d33a145C4849Ed3354d', 'username': 'soothingcandy'}]",8,12,"[{'address': '0xF973134ed7330bA26328b570Ddc06ca9f57B9b43', 'username': 'traditionalarchive'}, {'address': '0xB0652EaB67C36F170ab25e422153DDC9297c36bA', 'username': 'cobbledcadet'}, {'address': '0x7F3e00b2094EdfBcDB983cEC3d27290387399B98', 'username': 'materialisticsuperstition'}, {'address': '0x1CC1C54314c7feC2c3020a40a6cD9D1C4A44ED90', 'username': 'allegedmist'}, {'address': '0x1e6108990608600F08A431bbd7b3C3AF45f6e449', 'username': 'plannedinference'}, {'address': '0xf0C1B0109865BdAf4Aa490492FC0590B9E7c96c7', 'username': 'horridforeboding'}]"
failed,rejected,$INFRA InfraX,classic,multi,0x209a9021993D50Bd767783563C4a9c0cbc601199,ruddyoiler,INFRA,0xe9eccde9d26fcbb5e93f536cfc4510a7f46274f8,"[{'address': '0x209a9021993D50Bd767783563C4a9c0cbc601199', 'username': 'ruddyoiler'}]",8,28,[]
succeeded,succeeded,$INFRA InfraX,classic,multi,0x209a9021993D50Bd767783563C4a9c0cbc601199,ruddyoiler,INFRA,0xe9eccde9d26fcbb5e93f536cfc4510a7f46274f8,"[{'address': '0x209a9021993D50Bd767783563C4a9c0cbc601199', 'username': 'ruddyoiler'}, {'address': '0x4faFB5ea6ec25231cEdA005936fF44B9acf6988c', 'username': 'pedagogicalturkey'}, {'address': '0x69Cba612268c4D8452E331534866779174a8E3f2', 'username': 'coytong'}, {'address': '0x95506499FdF750671C751C1E4498a870A2cc1Cd7', 'username': 'governingpreface'}, {'address': '0x91672D174190B423186419Df126dE72bc5AF8DD0', 'username': 'waterycrotch'}, {'address': '0x60e0c36Df17D2753BAb03AFc1c59E34427670e01', 'username': 'fortuitousincision'}, {'address': '0xbbc96d4A68c19b3f23c96d9311E52d6425D333A6', 'username': 'stupendousecosystem'}, {'address': '0x5226FB987f338956597B62A8096b8AdA60E543AD', 'username': 'crackingvalise'}]",8,28,"[{'address': '0xdFA9f1Dcda9BDE39D735C9840699B306d0c3d752', 'username': 'convenientstride'}, {'address': '0xBF9FE9379CE3BFfa603eD5B42FaeF6e524091044', 'username': 'high-poweredincrease'}, {'address': '0xAB8Bf583ddFC63273A18D13cE8ffa7211861D8A8', 'username': 'promisingdriveway'}]"
failed,rejected,Investment in Integration Partner X-Alpha.ai,classic,multi,0x60e0c36Df17D2753BAb03AFc1c59E34427670e01,fortuitousincision,XALPHA,0x369733153e6e08d38f2bc72ae2432e855cfbe221,"[{'address': '0x60e0c36Df17D2753BAb03AFc1c59E34427670e01', 'username': 'fortuitousincision'}]",8,29,[]
succeeded,succeeded,Investment in Integration Partner X-Alpha.ai,classic,multi,0x60e0c36Df17D2753BAb03AFc1c59E34427670e01,fortuitousincision,XALPHA,0x369733153e6e08d38f2bc72ae2432e855cfbe221,"[{'address': '0xf2a79C9c6f754B2a538836046CDf135C1B11a44f', 'username': 'stolidslag'}, {'address': '0x0DE8056764Ad8958f34054f11a94ae6CCBf149a0', 'username': 'unsavoryinstallation'}, {'address': '0x5226FB987f338956597B62A8096b8AdA60E543AD', 'username': 'crackingvalise'}, {'address': '0x95506499FdF750671C751C1E4498a870A2cc1Cd7', 'username': 'governingpreface'}, {'address': '0x4faFB5ea6ec25231cEdA005936fF44B9acf6988c', 'username': 'pedagogicalturkey'}, {'address': '0x5E560c3Ce4BC11B26b176da6cD6A16099A649fb1', 'username': 'paradoxicaldroplet'}, {'address': '0xe6EcB12EC9a52364f94C8a86aD7274f4b2eDC102', 'username': 'variousrebate'}]",8,29,"[{'address': '0xAB8Bf583ddFC63273A18D13cE8ffa7211861D8A8', 'username': 'promisingdriveway'}, {'address': '0x4c6F91306c993Ac5864adCf818B1c958Bb19254a', 'username': 'eccentriccaterer'}, {'address': '0xBF9FE9379CE3BFfa603eD5B42FaeF6e524091044', 'username': 'high-poweredincrease'}, {'address': '0xdFA9f1Dcda9BDE39D735C9840699B306d0c3d752', 'username': 'convenientstride'}]"
succeeded,succeeded,CODE,classic,multi,0xf2a79C9c6f754B2a538836046CDf135C1B11a44f,stolidslag,CODE,0x283344eea472f0fe04d6f722595a2fffefe1901a,"[{'address': '0xe6EcB12EC9a52364f94C8a86aD7274f4b2eDC102', 'username': 'variousrebate'}, {'address': '0xf7a98C388D089dCcFba8FC0764ED90d701C86E25', 'username': 'scrapingborough'}, {'address': '0x5226FB987f338956597B62A8096b8AdA60E543AD', 'username': 'crackingvalise'}, {'address': '0x54F251B53b70cD3C0D43dc2FB22704E6C0B4677e', 'username': 'covertchoreographer'}, {'address': '0x209a9021993D50Bd767783563C4a9c0cbc601199', 'username': 'ruddyoiler'}, {'address': '0x95506499FdF750671C751C1E4498a870A2cc1Cd7', 'username': 'governingpreface'}, {'address': '0x0DE8056764Ad8958f34054f11a94ae6CCBf149a0', 'username': 'unsavoryinstallation'}]",8,30,"[{'address': '0xB767082357641045CbEa321DcE2FD5f8574fAC28', 'username': 'curvingserpent'}, {'address': '0x98eaeA37c5ec6fdA773891f23385080095F16985', 'username': 'conicaldamp'}, {'address': '0xdF31a736B4C85Dc860194b74bB6201a29855699F', 'username': 'constructivequestion'}, {'address': '0xdFA9f1Dcda9BDE39D735C9840699B306d0c3d752', 'username': 'convenientstride'}, {'address': '0xBF9FE9379CE3BFfa603eD5B42FaeF6e524091044', 'username': 'high-poweredincrease'}]"
failed,rejected,OriginTrail ($TRAC) Investment Proposal,classic,multi,0x235Fa4Bf4ef3564a85bb34C74929A3F8c62b298F,undulatingmustang,TRAC,0xaa7a9ca87d3694b5755f213b5d04094b8d0f0a6f,"[{'address': '0x235Fa4Bf4ef3564a85bb34C74929A3F8c62b298F', 'username': 'undulatingmustang'}]",8,31,[]
succeeded,succeeded,OriginTrail ($TRAC) Investment Proposal,classic,multi,0x235Fa4Bf4ef3564a85bb34C74929A3F8c62b298F,undulatingmustang,TRAC,0xaa7a9ca87d3694b5755f213b5d04094b8d0f0a6f,"[{'address': '0xf2a79C9c6f754B2a538836046CDf135C1B11a44f', 'username': 'stolidslag'}, {'address': '0x5226FB987f338956597B62A8096b8AdA60E543AD', 'username': 'crackingvalise'}, {'address': '0x209a9021993D50Bd767783563C4a9c0cbc601199', 'username': 'ruddyoiler'}, {'address': '0x95506499FdF750671C751C1E4498a870A2cc1Cd7', 'username': 'governingpreface'}, {'address': '0x0DE8056764Ad8958f34054f11a94ae6CCBf149a0', 'username': 'unsavoryinstallation'}, {'address': '0xf7a98C388D089dCcFba8FC0764ED90d701C86E25', 'username': 'scrapingborough'}, {'address': '0xe6EcB12EC9a52364f94C8a86aD7274f4b2eDC102', 'username': 'variousrebate'}]",8,31,"[{'address': '0xdF31a736B4C85Dc860194b74bB6201a29855699F', 'username': 'constructivequestion'}, {'address': '0x2869C2bc6e8f7f6BDA72cdA2446B68753E67Af0E', 'username': 'unfriendlypriority'}, {'address': '0xdFA9f1Dcda9BDE39D735C9840699B306d0c3d752', 'username': 'convenientstride'}]"
succeeded,succeeded,Investment in Virtu Network,classic,multi,0x60e0c36Df17D2753BAb03AFc1c59E34427670e01,fortuitousincision,VIRTU,0x520140d71129434635899eca07f845bb23b27987,"[{'address': '0x60e0c36Df17D2753BAb03AFc1c59E34427670e01', 'username': 'fortuitousincision'}, {'address': '0x95506499FdF750671C751C1E4498a870A2cc1Cd7', 'username': 'governingpreface'}, {'address': '0x91672D174190B423186419Df126dE72bc5AF8DD0', 'username': 'waterycrotch'}, {'address': '0xce9E7300a6240B273bCC72F96c699B0804F2fd54', 'username': 'punyfather'}, {'address': '0x0DE8056764Ad8958f34054f11a94ae6CCBf149a0', 'username': 'unsavoryinstallation'}, {'address': '0x5226FB987f338956597B62A8096b8AdA60E543AD', 'username': 'crackingvalise'}, {'address': '0x50e78376E84f4B45285f7d33a145C4849Ed3354d', 'username': 'soothingcandy'}]",8,32,"[{'address': '0xdFA9f1Dcda9BDE39D735C9840699B306d0c3d752', 'username': 'convenientstride'}, {'address': '0x98eaeA37c5ec6fdA773891f23385080095F16985', 'username': 'conicaldamp'}]"
succeeded,succeeded,ZIG,classic,multi,0xf2a79C9c6f754B2a538836046CDf135C1B11a44f,stolidslag,ZIG,0xb2617246d0c6c0087f18703d576831899ca94f01,"[{'address': '0xf2a79C9c6f754B2a538836046CDf135C1B11a44f', 'username': 'stolidslag'}, {'address': '0x50e78376E84f4B45285f7d33a145C4849Ed3354d', 'username': 'soothingcandy'}, {'address': '0x95506499FdF750671C751C1E4498a870A2cc1Cd7', 'username': 'governingpreface'}, {'address': '0x0DE8056764Ad8958f34054f11a94ae6CCBf149a0', 'username': 'unsavoryinstallation'}, {'address': '0x5226FB987f338956597B62A8096b8AdA60E543AD', 'username': 'crackingvalise'}, {'address': '0x1B69c4A788aD8f940e624341AB45c731D01190De', 'username': 'highgaze'}, {'address': '0x91672D174190B423186419Df126dE72bc5AF8DD0', 'username': 'waterycrotch'}]",8,33,"[{'address': '0x274e6132A3dC4Bc6Ce3068102D981b17768e130F', 'username': 'sponsoredjuke'}, {'address': '0xdF31a736B4C85Dc860194b74bB6201a29855699F', 'username': 'constructivequestion'}, {'address': '0x98eaeA37c5ec6fdA773891f23385080095F16985', 'username': 'conicaldamp'}, {'address': '0x3090afd9BD95D34B272A2c6E910Da478dD3ef10c', 'username': 'articulatedviolin'}]"
succeeded,succeeded,$MAZZE. A Layer 1 Blockchain in itâ€˜s birth,classic,multi,0x50e78376E84f4B45285f7d33a145C4849Ed3354d,soothingcandy,MAZZE,0x4a029f7bcf33acb03547d8fa7be840347973e24e,"[{'address': '0x50e78376E84f4B45285f7d33a145C4849Ed3354d', 'username': 'soothingcandy'}, {'address': '0x1B69c4A788aD8f940e624341AB45c731D01190De', 'username': 'highgaze'}, {'address': '0xa4444aeC32965BCb4d460BA818FD2FA37b508627', 'username': 'swellingweakness'}, {'address': '0x0DE8056764Ad8958f34054f11a94ae6CCBf149a0', 'username': 'unsavoryinstallation'}, {'address': '0xf2a79C9c6f754B2a538836046CDf135C1B11a44f', 'username': 'stolidslag'}, {'address': '0x95506499FdF750671C751C1E4498a870A2cc1Cd7', 'username': 'governingpreface'}, {'address': '0x91672D174190B423186419Df126dE72bc5AF8DD0', 'username': 'waterycrotch'}]",8,34,"[{'address': '0x1e6108990608600F08A431bbd7b3C3AF45f6e449', 'username': 'plannedinference'}, {'address': '0x274e6132A3dC4Bc6Ce3068102D981b17768e130F', 'username': 'sponsoredjuke'}]"
failed,failed,$LPU - Lender Network,classic,multi,0x1B69c4A788aD8f940e624341AB45c731D01190De,highgaze,LPU,0x97c0acfd62ba29f70b6fe272efaae0942c8263b5,"[{'address': '0x1B69c4A788aD8f940e624341AB45c731D01190De', 'username': 'highgaze'}, {'address': '0x50e78376E84f4B45285f7d33a145C4849Ed3354d', 'username': 'soothingcandy'}, {'address': '0x0DE8056764Ad8958f34054f11a94ae6CCBf149a0', 'username': 'unsavoryinstallation'}, {'address': '0xf2a79C9c6f754B2a538836046CDf135C1B11a44f', 'username': 'stolidslag'}, {'address': '0xe6EcB12EC9a52364f94C8a86aD7274f4b2eDC102', 'username': 'variousrebate'}, {'address': '0xe53c1ca0EfC8EeCa70fF77eA5c0672BEC02469B3', 'username': 'magneticeavesdropper'}]",8,35,[]
succeeded,succeeded,Bring me out of DarkMatter status. ,darkMatter,single,0x5c03E7f247d0B809c0fF18764dB1E27b73cb4199,despairingshunt,M87,0x80122c6a83c8202ea365233363d3f4837d13e888,"[{'address': '0x1B69c4A788aD8f940e624341AB45c731D01190De', 'username': 'highgaze'}]",3,0,[]
failed,rejected,APES Investment Proposal,classic,multi,0x235Fa4Bf4ef3564a85bb34C74929A3F8c62b298F,undulatingmustang,APES,0x09675e24ca1eb06023451ac8088eca1040f47585,"[{'address': '0x235Fa4Bf4ef3564a85bb34C74929A3F8c62b298F', 'username': 'undulatingmustang'}]",8,36,[]
succeeded,succeeded,APES Investment Proposal,classic,multi,0x235Fa4Bf4ef3564a85bb34C74929A3F8c62b298F,undulatingmustang,APES,0x09675e24ca1eb06023451ac8088eca1040f47585,"[{'address': '0x235Fa4Bf4ef3564a85bb34C74929A3F8c62b298F', 'username': 'undulatingmustang'}, {'address': '0x1B69c4A788aD8f940e624341AB45c731D01190De', 'username': 'highgaze'}, {'address': '0x95506499FdF750671C751C1E4498a870A2cc1Cd7', 'username': 'governingpreface'}, {'address': '0x0DE8056764Ad8958f34054f11a94ae6CCBf149a0', 'username': 'unsavoryinstallation'}, {'address': '0xf2a79C9c6f754B2a538836046CDf135C1B11a44f', 'username': 'stolidslag'}, {'address': '0xe6EcB12EC9a52364f94C8a86aD7274f4b2eDC102', 'username': 'variousrebate'}, {'address': '0xe53c1ca0EfC8EeCa70fF77eA5c0672BEC02469B3', 'username': 'magneticeavesdropper'}]",8,36,"[{'address': '0xdFA9f1Dcda9BDE39D735C9840699B306d0c3d752', 'username': 'convenientstride'}, {'address': '0x8E79D0f86c3fD8c10434FE16bEd89bcE0ed1Bb10', 'username': 'unexpectedstarter'}]"
succeeded,succeeded,Proposal for Investment in Alvara - $ALVA,classic,multi,0x60e0c36Df17D2753BAb03AFc1c59E34427670e01,fortuitousincision,ALVA,0x8e729198d1c59b82bd6bba579310c40d740a11c2,"[{'address': '0x60e0c36Df17D2753BAb03AFc1c59E34427670e01', 'username': 'fortuitousincision'}, {'address': '0x50e78376E84f4B45285f7d33a145C4849Ed3354d', 'username': 'soothingcandy'}, {'address': '0x95506499FdF750671C751C1E4498a870A2cc1Cd7', 'username': 'governingpreface'}, {'address': '0x0DE8056764Ad8958f34054f11a94ae6CCBf149a0', 'username': 'unsavoryinstallation'}, {'address': '0x5226FB987f338956597B62A8096b8AdA60E543AD', 'username': 'crackingvalise'}, {'address': '0xbbc96d4A68c19b3f23c96d9311E52d6425D333A6', 'username': 'stupendousecosystem'}, {'address': '0x1B69c4A788aD8f940e624341AB45c731D01190De', 'username': 'highgaze'}]",8,37,"[{'address': '0x8E79D0f86c3fD8c10434FE16bEd89bcE0ed1Bb10', 'username': 'unexpectedstarter'}, {'address': '0xD23A12901D5b063A7CE6bf9C2728834E75391c02', 'username': 'befuddledtrapper'}, {'address': '0x2869C2bc6e8f7f6BDA72cdA2446B68753E67Af0E', 'username': 'unfriendlypriority'}, {'address': '0x3358B21f8016732e79D588bC2A8D2f4162778F6c', 'username': 'aquaticpsychosis'}, {'address': '0xdFA9f1Dcda9BDE39D735C9840699B306d0c3d752', 'username': 'convenientstride'}, {'address': '0x1e6108990608600F08A431bbd7b3C3AF45f6e449', 'username': 'plannedinference'}]"
succeeded,succeeded,34,darkMatter,single,0x61d7ecE32854CaF46c6304Fd536704EacD4dA256,mercantilefirebrand,M87,0x80122c6a83c8202ea365233363d3f4837d13e888,[],3,0,[]
failed,rejected,eVa AI,classic,multi,0xe53c1ca0EfC8EeCa70fF77eA5c0672BEC02469B3,magneticeavesdropper,eVa,0x3566c8ee9780245e974e759a7716ea6ba0702588,"[{'address': '0xe53c1ca0EfC8EeCa70fF77eA5c0672BEC02469B3', 'username': 'magneticeavesdropper'}]",8,38,[]
failed,failed,eVa AI,classic,multi,0xe53c1ca0EfC8EeCa70fF77eA5c0672BEC02469B3,magneticeavesdropper,eVa,0x3566c8ee9780245e974e759a7716ea6ba0702588,"[{'address': '0xe53c1ca0EfC8EeCa70fF77eA5c0672BEC02469B3', 'username': 'magneticeavesdropper'}, {'address': '0x0DE8056764Ad8958f34054f11a94ae6CCBf149a0', 'username': 'unsavoryinstallation'}, {'address': '0xeB4d60B9863A4b3c18a10FbB7F410dc505720C7B', 'username': 'adamanttoehold'}, {'address': '0xf2a79C9c6f754B2a538836046CDf135C1B11a44f', 'username': 'stolidslag'}, {'address': '0x1B69c4A788aD8f940e624341AB45c731D01190De', 'username': 'highgaze'}, {'address': '0x50e78376E84f4B45285f7d33a145C4849Ed3354d', 'username': 'soothingcandy'}]",8,38,[]
failed,rejected,$UNI Uniswap,classic,multi,0x458Cec900E363f8d568dc1Ff758f28Aae92fA73e,grizzledrouter,UNI,0x1f9840a85d5af5bf1d1762f925bdaddc4201f984,"[{'address': '0x458Cec900E363f8d568dc1Ff758f28Aae92fA73e', 'username': 'grizzledrouter'}]",8,39,[]
succeeded,succeeded,$UNI Uniswap,classic,multi,0x458Cec900E363f8d568dc1Ff758f28Aae92fA73e,grizzledrouter,UNI,0x1f9840a85d5af5bf1d1762f925bdaddc4201f984,"[{'address': '0x458Cec900E363f8d568dc1Ff758f28Aae92fA73e', 'username': 'grizzledrouter'}, {'address': '0x95506499FdF750671C751C1E4498a870A2cc1Cd7', 'username': 'governingpreface'}, {'address': '0x1B69c4A788aD8f940e624341AB45c731D01190De', 'username': 'highgaze'}, {'address': '0xCD1EfBAC8e37E92268bA83903026a6C34b3803Db', 'username': 'transientnotary'}, {'address': '0xeB4d60B9863A4b3c18a10FbB7F410dc505720C7B', 'username': 'adamanttoehold'}, {'address': '0xe53c1ca0EfC8EeCa70fF77eA5c0672BEC02469B3', 'username': 'magneticeavesdropper'}]",8,39,"[{'address': '0xf0C1B0109865BdAf4Aa490492FC0590B9E7c96c7', 'username': 'horridforeboding'}, {'address': '0x8E79D0f86c3fD8c10434FE16bEd89bcE0ed1Bb10', 'username': 'unexpectedstarter'}, {'address': '0xdF31a736B4C85Dc860194b74bB6201a29855699F', 'username': 'constructivequestion'}]"
failed,rejected,CRX - Cerebro $CRX,classic,multi,0xe53c1ca0EfC8EeCa70fF77eA5c0672BEC02469B3,magneticeavesdropper,CRX,0x49218282042072e054afdc90e552e832735f8316,"[{'address': '0xe53c1ca0EfC8EeCa70fF77eA5c0672BEC02469B3', 'username': 'magneticeavesdropper'}]",8,40,[]
failed,failed,CRX - Cerebro $CRX,classic,multi,0xe53c1ca0EfC8EeCa70fF77eA5c0672BEC02469B3,magneticeavesdropper,CRX,0x49218282042072e054afdc90e552e832735f8316,"[{'address': '0xe53c1ca0EfC8EeCa70fF77eA5c0672BEC02469B3', 'username': 'magneticeavesdropper'}, {'address': '0xeB4d60B9863A4b3c18a10FbB7F410dc505720C7B', 'username': 'adamanttoehold'}, {'address': '0xf2a79C9c6f754B2a538836046CDf135C1B11a44f', 'username': 'stolidslag'}]",8,40,[]
failed,rejected,Investment in Coincreate,classic,multi,0x60e0c36Df17D2753BAb03AFc1c59E34427670e01,fortuitousincision,CREA,0x28ae7b2ebd6f10f4393f410f6b7896380a949d62,"[{'address': '0x60e0c36Df17D2753BAb03AFc1c59E34427670e01', 'username': 'fortuitousincision'}]",8,41,[]
succeeded,succeeded,Investment in Coincreate,classic,multi,0x60e0c36Df17D2753BAb03AFc1c59E34427670e01,fortuitousincision,CREA,0x28ae7b2ebd6f10f4393f410f6b7896380a949d62,"[{'address': '0x60e0c36Df17D2753BAb03AFc1c59E34427670e01', 'username': 'fortuitousincision'}, {'address': '0xf2a79C9c6f754B2a538836046CDf135C1B11a44f', 'username': 'stolidslag'}, {'address': '0xeB4d60B9863A4b3c18a10FbB7F410dc505720C7B', 'username': 'adamanttoehold'}, {'address': '0xdFA9f1Dcda9BDE39D735C9840699B306d0c3d752', 'username': 'convenientstride'}, {'address': '0xBF9FE9379CE3BFfa603eD5B42FaeF6e524091044', 'username': 'high-poweredincrease'}, {'address': '0x50e78376E84f4B45285f7d33a145C4849Ed3354d', 'username': 'soothingcandy'}, {'address': '0xa4444aeC32965BCb4d460BA818FD2FA37b508627', 'username': 'swellingweakness'}]",8,41,"[{'address': '0xF4598765C7594AD655f5C2cfD75b3575F30d6538', 'username': 'truepredisposition'}, {'address': '0x595147E8a744a967806D995513B7d6367C107208', 'username': 'restrictedforage'}, {'address': '0x9b1DaDb8D6AFC4a9b5A13B808281C962D468e050', 'username': 'bindingshire'}, {'address': '0x4211eb9929395530D37f3B65B21AA31a0edc655A', 'username': 'earthenlimousine'}, {'address': '0xCB72C9A1BA946E04B8d4e6AedC864c643635dDF6', 'username': 'perniciouscasket'}, {'address': '0xf0C1B0109865BdAf4Aa490492FC0590B9E7c96c7', 'username': 'horridforeboding'}]"
failed,rejected,CreDefi Finance's Revenue Share and Governance Token ( XCREDI ),classic,multi,0x61d7ecE32854CaF46c6304Fd536704EacD4dA256,mercantilefirebrand,xCREDI,0x3bbfb303842dd4a76da4c927be644e9cf3170afd,"[{'address': '0x61d7ecE32854CaF46c6304Fd536704EacD4dA256', 'username': 'mercantilefirebrand'}]",8,42,[]
failed,rejected,Credefi's Revenue Share Token: xCREDI,classic,multi,0x61d7ecE32854CaF46c6304Fd536704EacD4dA256,mercantilefirebrand,xCREDI,0x3bbfb303842dd4a76da4c927be644e9cf3170afd,"[{'address': '0x61d7ecE32854CaF46c6304Fd536704EacD4dA256', 'username': 'mercantilefirebrand'}]",8,42,[]
failed,rejected,8.7eth investment in M87,classic,multi,0x82bdee47362C2f9244126974E451421054187B12,absorbinginvasion,pepecoin,0xa9e8acf069c58aec8825542845fd754e41a9489a,"[{'address': '0x82bdee47362C2f9244126974E451421054187B12', 'username': 'absorbinginvasion'}]",8,43,[]
processing,deActive,$SEN Ai Agents ,classic,multi,0x39e0D379A9A03079914933D9917007F8C3B44a75,hardworkinghome,SEN,0x421b05cf5ce28cb7347e73e2278e84472f0e4a88,"[{'address': '0x39e0D379A9A03079914933D9917007F8C3B44a75', 'username': 'hardworkinghome'}]",8,43,[]
processing,deActive,$SEN Ai Agent,classic,multi,0x39e0D379A9A03079914933D9917007F8C3B44a75,hardworkinghome,SEN,0x421b05cf5ce28cb7347e73e2278e84472f0e4a88,"[{'address': '0x39e0D379A9A03079914933D9917007F8C3B44a75', 'username': 'hardworkinghome'}]",8,43,[]
succeeded,succeeded,$SEN Ai Agents,classic,multi,0x39e0D379A9A03079914933D9917007F8C3B44a75,hardworkinghome,SEN,0x421b05cf5ce28cb7347e73e2278e84472f0e4a88,"[{'address': '0x39e0D379A9A03079914933D9917007F8C3B44a75', 'username': 'hardworkinghome'}, {'address': '0xb2890992e7152106f70176adf93a7CFEdB246880', 'username': 'raggedoffence'}, {'address': '0xeB4d60B9863A4b3c18a10FbB7F410dc505720C7B', 'username': 'adamanttoehold'}, {'address': '0x50e78376E84f4B45285f7d33a145C4849Ed3354d', 'username': 'soothingcandy'}, {'address': '0x1c66f8A8fa9D34D26b6767cca81E4f0fb8F0692f', 'username': 'lacylation'}, {'address': '0xf2a79C9c6f754B2a538836046CDf135C1B11a44f', 'username': 'stolidslag'}, {'address': '0x0DE8056764Ad8958f34054f11a94ae6CCBf149a0', 'username': 'unsavoryinstallation'}]",8,43,"[{'address': '0xde07e190555f2bc82824009DCf1a3BeF5F1De9bC', 'username': 'priorfrieze'}, {'address': '0x05D32b5956C5E3d57A6F56Df9F2c7D6e1fcB0BE7', 'username': 'frenchsealer'}, {'address': '0x705642f070B954769a0CBA43cCfD6Deb8eE9AeCD', 'username': 'white-collarwalleye'}, {'address': '0x4211eb9929395530D37f3B65B21AA31a0edc655A', 'username': 'earthenlimousine'}]"
failed,rejected,$INFRA - 4.35 eth re investment ,classic,multi,0x077C64316c010E617FCFb941534a966e2579C7A8,movableadjective,INFRA,0xe9eccde9d26fcbb5e93f536cfc4510a7f46274f8,"[{'address': '0x077C64316c010E617FCFb941534a966e2579C7A8', 'username': 'movableadjective'}]",8,44,[]
succeeded,succeeded,ALVA - 4.35 ETH,classic,multi,0xf2a79C9c6f754B2a538836046CDf135C1B11a44f,stolidslag,ALVA,0x8e729198d1c59b82bd6bba579310c40d740a11c2,"[{'address': '0xf2a79C9c6f754B2a538836046CDf135C1B11a44f', 'username': 'stolidslag'}, {'address': '0xeB4d60B9863A4b3c18a10FbB7F410dc505720C7B', 'username': 'adamanttoehold'}, {'address': '0x50e78376E84f4B45285f7d33a145C4849Ed3354d', 'username': 'soothingcandy'}, {'address': '0x0DE8056764Ad8958f34054f11a94ae6CCBf149a0', 'username': 'unsavoryinstallation'}, {'address': '0xBF9FE9379CE3BFfa603eD5B42FaeF6e524091044', 'username': 'high-poweredincrease'}, {'address': '0x1B69c4A788aD8f940e624341AB45c731D01190De', 'username': 'highgaze'}, {'address': '0xa4444aeC32965BCb4d460BA818FD2FA37b508627', 'username': 'swellingweakness'}]",8,44,"[{'address': '0x1e6108990608600F08A431bbd7b3C3AF45f6e449', 'username': 'plannedinference'}, {'address': '0x4211eb9929395530D37f3B65B21AA31a0edc655A', 'username': 'earthenlimousine'}, {'address': '0x705642f070B954769a0CBA43cCfD6Deb8eE9AeCD', 'username': 'white-collarwalleye'}]"
succeeded,succeeded,$INFRA Infrax,classic,multi,0xBF9FE9379CE3BFfa603eD5B42FaeF6e524091044,high-poweredincrease,INFRA,0xe9eccde9d26fcbb5e93f536cfc4510a7f46274f8,"[{'address': '0xBF9FE9379CE3BFfa603eD5B42FaeF6e524091044', 'username': 'high-poweredincrease'}, {'address': '0x1B69c4A788aD8f940e624341AB45c731D01190De', 'username': 'highgaze'}, {'address': '0x39e0D379A9A03079914933D9917007F8C3B44a75', 'username': 'hardworkinghome'}, {'address': '0xdFA9f1Dcda9BDE39D735C9840699B306d0c3d752', 'username': 'convenientstride'}, {'address': '0x50e78376E84f4B45285f7d33a145C4849Ed3354d', 'username': 'soothingcandy'}, {'address': '0xa4444aeC32965BCb4d460BA818FD2FA37b508627', 'username': 'swellingweakness'}, {'address': '0x4c6F91306c993Ac5864adCf818B1c958Bb19254a', 'username': 'eccentriccaterer'}]",8,45,"[{'address': '0xc649a7165ffAEE42eB73840A8Faf6eE4c9441AcC', 'username': 'inquisitivebacterium'}, {'address': '0x98eaeA37c5ec6fdA773891f23385080095F16985', 'username': 'conicaldamp'}, {'address': '0x705642f070B954769a0CBA43cCfD6Deb8eE9AeCD', 'username': 'white-collarwalleye'}, {'address': '0xde07e190555f2bc82824009DCf1a3BeF5F1De9bC', 'username': 'priorfrieze'}, {'address': '0x1e6108990608600F08A431bbd7b3C3AF45f6e449', 'username': 'plannedinference'}]"
processing,deActive,$QF Quantum Fusion,classic,multi,0x2f883772E5D9d3B0A227e08FF7f76f318D87Ca55,deadlyliberation,QF,0x6019dcb2d0b3e0d1d8b0ce8d16191b3a4f93703d,"[{'address': '0x2f883772E5D9d3B0A227e08FF7f76f318D87Ca55', 'username': 'deadlyliberation'}]",8,46,[]
failed,failed,$QF Quantum Fusion,classic,multi,0x2f883772E5D9d3B0A227e08FF7f76f318D87Ca55,deadlyliberation,pepecoin,0xa9e8acf069c58aec8825542845fd754e41a9489a,"[{'address': '0x2f883772E5D9d3B0A227e08FF7f76f318D87Ca55', 'username': 'deadlyliberation'}]",8,46,[]
succeeded,succeeded,"$QF Quantum Fusion 4.3eth Revised with Correct CA ""sign this one""",classic,multi,0x435733c6C9CB9f400EDF11E0bCB6f9151E66f702,lewdlanding,QF,0x6019dcb2d0b3e0d1d8b0ce8d16191b3a4f93703d,"[{'address': '0x435733c6C9CB9f400EDF11E0bCB6f9151E66f702', 'username': 'lewdlanding'}, {'address': '0x1B69c4A788aD8f940e624341AB45c731D01190De', 'username': 'highgaze'}, {'address': '0xBF9FE9379CE3BFfa603eD5B42FaeF6e524091044', 'username': 'high-poweredincrease'}, {'address': '0xeB4d60B9863A4b3c18a10FbB7F410dc505720C7B', 'username': 'adamanttoehold'}, {'address': '0xf2a79C9c6f754B2a538836046CDf135C1B11a44f', 'username': 'stolidslag'}, {'address': '0x50e78376E84f4B45285f7d33a145C4849Ed3354d', 'username': 'soothingcandy'}, {'address': '0x0DE8056764Ad8958f34054f11a94ae6CCBf149a0', 'username': 'unsavoryinstallation'}]",8,47,"[{'address': '0xF4598765C7594AD655f5C2cfD75b3575F30d6538', 'username': 'truepredisposition'}, {'address': '0xc649a7165ffAEE42eB73840A8Faf6eE4c9441AcC', 'username': 'inquisitivebacterium'}, {'address': '0x98eaeA37c5ec6fdA773891f23385080095F16985', 'username': 'conicaldamp'}, {'address': '0x705642f070B954769a0CBA43cCfD6Deb8eE9AeCD', 'username': 'white-collarwalleye'}]"
succeeded,succeeded,LinqAI $LNQ,classic,multi,0xb2890992e7152106f70176adf93a7CFEdB246880,raggedoffence,LNQ,0xd4f4d0a10bcae123bb6655e8fe93a30d01eebd04,"[{'address': '0xb2890992e7152106f70176adf93a7CFEdB246880', 'username': 'raggedoffence'}, {'address': '0x1B69c4A788aD8f940e624341AB45c731D01190De', 'username': 'highgaze'}, {'address': '0x0DE8056764Ad8958f34054f11a94ae6CCBf149a0', 'username': 'unsavoryinstallation'}, {'address': '0x50e78376E84f4B45285f7d33a145C4849Ed3354d', 'username': 'soothingcandy'}, {'address': '0xfFa5Aeba892602A8069c9417A2e95cb0498DdF42', 'username': 'fiercejug'}, {'address': '0xe6EcB12EC9a52364f94C8a86aD7274f4b2eDC102', 'username': 'variousrebate'}, {'address': '0xdFA9f1Dcda9BDE39D735C9840699B306d0c3d752', 'username': 'convenientstride'}]",8,48,"[{'address': '0xde07e190555f2bc82824009DCf1a3BeF5F1De9bC', 'username': 'priorfrieze'}, {'address': '0x1e6108990608600F08A431bbd7b3C3AF45f6e449', 'username': 'plannedinference'}]"
failed,rejected,OriginTrail ($TRAC) Re-investment proposal,classic,multi,0x235Fa4Bf4ef3564a85bb34C74929A3F8c62b298F,undulatingmustang,TRAC,0xaa7a9ca87d3694b5755f213b5d04094b8d0f0a6f,"[{'address': '0x235Fa4Bf4ef3564a85bb34C74929A3F8c62b298F', 'username': 'undulatingmustang'}]",8,49,[]
succeeded,succeeded,OriginTrail ($TRAC) Re-investment proposal,classic,multi,0x235Fa4Bf4ef3564a85bb34C74929A3F8c62b298F,undulatingmustang,TRAC,0xaa7a9ca87d3694b5755f213b5d04094b8d0f0a6f,"[{'address': '0x235Fa4Bf4ef3564a85bb34C74929A3F8c62b298F', 'username': 'undulatingmustang'}, {'address': '0x0DE8056764Ad8958f34054f11a94ae6CCBf149a0', 'username': 'unsavoryinstallation'}, {'address': '0xe53c1ca0EfC8EeCa70fF77eA5c0672BEC02469B3', 'username': 'magneticeavesdropper'}, {'address': '0x1B69c4A788aD8f940e624341AB45c731D01190De', 'username': 'highgaze'}, {'address': '0x077C64316c010E617FCFb941534a966e2579C7A8', 'username': 'movableadjective'}, {'address': '0x50e78376E84f4B45285f7d33a145C4849Ed3354d', 'username': 'soothingcandy'}, {'address': '0xf2a79C9c6f754B2a538836046CDf135C1B11a44f', 'username': 'stolidslag'}]",8,49,"[{'address': '0xF4598765C7594AD655f5C2cfD75b3575F30d6538', 'username': 'truepredisposition'}, {'address': '0x2869C2bc6e8f7f6BDA72cdA2446B68753E67Af0E', 'username': 'unfriendlypriority'}, {'address': '0xB767082357641045CbEa321DcE2FD5f8574fAC28', 'username': 'curvingserpent'}, {'address': '0x1e6108990608600F08A431bbd7b3C3AF45f6e449', 'username': 'plannedinference'}]"
failed,rejected,AURK ,classic,multi,0x1B69c4A788aD8f940e624341AB45c731D01190De,highgaze,AURK,0xe5db5128935e3a8a8eaeabe4577fac2b353ae9fa,"[{'address': '0x1B69c4A788aD8f940e624341AB45c731D01190De', 'username': 'highgaze'}]",8,50,[]
succeeded,succeeded,AURK ,classic,multi,0x1B69c4A788aD8f940e624341AB45c731D01190De,highgaze,AURK,0xe5db5128935e3a8a8eaeabe4577fac2b353ae9fa,"[{'address': '0x1B69c4A788aD8f940e624341AB45c731D01190De', 'username': 'highgaze'}, {'address': '0xCD1EfBAC8e37E92268bA83903026a6C34b3803Db', 'username': 'transientnotary'}, {'address': '0x077C64316c010E617FCFb941534a966e2579C7A8', 'username': 'movableadjective'}, {'address': '0x50e78376E84f4B45285f7d33a145C4849Ed3354d', 'username': 'soothingcandy'}, {'address': '0xBF9FE9379CE3BFfa603eD5B42FaeF6e524091044', 'username': 'high-poweredincrease'}, {'address': '0xe54965f527cdb6e98213d01dee640a54aab6191a', 'username': 'snarlingsparkle'}, {'address': '0xfFa5Aeba892602A8069c9417A2e95cb0498DdF42', 'username': 'fiercejug'}]",8,50,"[{'address': '0x2869C2bc6e8f7f6BDA72cdA2446B68753E67Af0E', 'username': 'unfriendlypriority'}, {'address': '0xdF31a736B4C85Dc860194b74bB6201a29855699F', 'username': 'constructivequestion'}, {'address': '0xc649a7165ffAEE42eB73840A8Faf6eE4c9441AcC', 'username': 'inquisitivebacterium'}, {'address': '0xF4598765C7594AD655f5C2cfD75b3575F30d6538', 'username': 'truepredisposition'}]"
succeeded,succeeded,$XMW MORPHWARE 4.35 ETH,classic,multi,0xBF9FE9379CE3BFfa603eD5B42FaeF6e524091044,high-poweredincrease,XMW,0x391cf4b21f557c935c7f670218ef42c21bd8d686,"[{'address': '0xBF9FE9379CE3BFfa603eD5B42FaeF6e524091044', 'username': 'high-poweredincrease'}, {'address': '0x2f883772E5D9d3B0A227e08FF7f76f318D87Ca55', 'username': 'deadlyliberation'}, {'address': '0x1B69c4A788aD8f940e624341AB45c731D01190De', 'username': 'highgaze'}, {'address': '0x077C64316c010E617FCFb941534a966e2579C7A8', 'username': 'movableadjective'}, {'address': '0x0DE8056764Ad8958f34054f11a94ae6CCBf149a0', 'username': 'unsavoryinstallation'}, {'address': '0x50e78376E84f4B45285f7d33a145C4849Ed3354d', 'username': 'soothingcandy'}, {'address': '0xf2a79C9c6f754B2a538836046CDf135C1B11a44f', 'username': 'stolidslag'}]",8,51,"[{'address': '0xF4598765C7594AD655f5C2cfD75b3575F30d6538', 'username': 'truepredisposition'}, {'address': '0x705642f070B954769a0CBA43cCfD6Deb8eE9AeCD', 'username': 'white-collarwalleye'}, {'address': '0x1e6108990608600F08A431bbd7b3C3AF45f6e449', 'username': 'plannedinference'}]"
failed,rejected,Cycle length increase,dao,multi,0x077C64316c010E617FCFb941534a966e2579C7A8,movableadjective,M87,0x80122c6a83c8202ea365233363d3f4837d13e888,"[{'address': '0x077C64316c010E617FCFb941534a966e2579C7A8', 'username': 'movableadjective'}]",8,52,[]
succeeded,succeeded,10-15 cycle increase. ,dao,multi,0x077C64316c010E617FCFb941534a966e2579C7A8,movableadjective,M87,0x80122c6a83c8202ea365233363d3f4837d13e888,"[{'address': '0x077C64316c010E617FCFb941534a966e2579C7A8', 'username': 'movableadjective'}, {'address': '0xCD1EfBAC8e37E92268bA83903026a6C34b3803Db', 'username': 'transientnotary'}, {'address': '0x0DE8056764Ad8958f34054f11a94ae6CCBf149a0', 'username': 'unsavoryinstallation'}, {'address': '0xBF9FE9379CE3BFfa603eD5B42FaeF6e524091044', 'username': 'high-poweredincrease'}, {'address': '0x1B69c4A788aD8f940e624341AB45c731D01190De', 'username': 'highgaze'}, {'address': '0x385Aa6a979e9318d07D9318DfF593d9d51AF6703', 'username': 'regulatedriverbank'}, {'address': '0xb2890992e7152106f70176adf93a7CFEdB246880', 'username': 'raggedoffence'}]",8,52,"[{'address': '0x009E2EF736DE40161d4E617cbb2749552F0f8060', 'username': 'happynumber'}, {'address': '0x595147E8a744a967806D995513B7d6367C107208', 'username': 'restrictedforage'}, {'address': '0x2869C2bc6e8f7f6BDA72cdA2446B68753E67Af0E', 'username': 'unfriendlypriority'}, {'address': '0x8B130Dc7A75f24Be64486b03C90CbBc178196c07', 'username': 'geologicalcrucifix'}, {'address': '0x04EE9c4D479cee1042fE0D6792CAcBeC3E246888', 'username': 'timelesscontact'}, {'address': '0x9b1DaDb8D6AFC4a9b5A13B808281C962D468e050', 'username': 'bindingshire'}]"
failed,failed,Governance By Example,classic,multi,0x5226FB987f338956597B62A8096b8AdA60E543AD,crackingvalise,HAWK,0x05a89897a9d7f8a8c1f321e61e97ce239500fa70,"[{'address': '0x5226FB987f338956597B62A8096b8AdA60E543AD', 'username': 'crackingvalise'}, {'address': '0xb8BeA176A8Fe69939718D466c999a0AAb0656a0b', 'username': 'aromaticjetty'}]",8,53,[]
failed,rejected,Investment in Zignaly,classic,multi,0x60e0c36Df17D2753BAb03AFc1c59E34427670e01,fortuitousincision,ZIG,0xb2617246d0c6c0087f18703d576831899ca94f01,"[{'address': '0x60e0c36Df17D2753BAb03AFc1c59E34427670e01', 'username': 'fortuitousincision'}]",8,54,[]
processing,deActive,4.35 eth $ZIG ,classic,multi,0x82bdee47362C2f9244126974E451421054187B12,absorbinginvasion,ZIG,0xb2617246d0c6c0087f18703d576831899ca94f01,"[{'address': '0x82bdee47362C2f9244126974E451421054187B12', 'username': 'absorbinginvasion'}]",8,54,[]
failed,rejected,4.35 eth in $ZIG,classic,multi,0x077C64316c010E617FCFb941534a966e2579C7A8,movableadjective,ZIG,0xb2617246d0c6c0087f18703d576831899ca94f01,"[{'address': '0x077C64316c010E617FCFb941534a966e2579C7A8', 'username': 'movableadjective'}]",8,54,[]
